"Gene","locus","Mean_FPKM_Control","Mean_FPKM_Dex","log2_Fold_Change","P_value","Q_value"
"C13orf15","chr13:42031541-42045013",96.3483,9.99924,-3.26837,2.22045e-16,2.50041e-13
"TSC22D3","chrX:106956451-107019017",93.2645,9.6913,-3.26657,2.22045e-16,2.50041e-13
"CRISPLD2","chr16:84853586-84943116",51.1687,7.89376,-2.69648,6.66134e-16,6.9242e-13
"PER1","chr17:8043787-8055753",13.6869,1.48904,-3.20034,3.77476e-15,3.64345e-12
"KCTD12","chr13:77454303-77460540",5.43205,31.2481,2.5242,1.24345e-14,1.12018e-11
